company,pwi,rank,enforced,n_pairs,n_contradictions,density,severity
sciencemag.org,1.0,1,0,1,1,1.0,0.9722
sheknows.com,0.6311,2,0,4,1,0.25,0.9947
latinpost.com,0.621,3,0,57,15,0.2632,0.9616
taylorswift.com,0.6131,4,0,12,3,0.25,0.9592
meredith.com,0.5873,5,0,24,4,0.1667,0.9917
theatlantic.com,0.5731,6,0,17,2,0.1176,1.0126
adweek.com,0.5681,7,0,10,1,0.1,1.0204
ocregister.com,0.5629,8,0,12,1,0.0833,1.0269
voxmedia.com,0.5495,9,0,30,2,0.0667,1.0171
barnesandnoble.com,0.5494,10,0,41,1,0.0244,1.0591
abcnews.com,0.5421,11,0,16,1,0.0625,1.0066
nytimes.com,0.5365,12,0,53,4,0.0755,0.9826
allstate.com,0.5361,13,0,18,1,0.0556,1.0018
pbs.org,0.5236,14,0,19,1,0.0526,0.9801
lynda.com,0.4971,15,0,73,6,0.0822,0.8981
reddit.com,0.4819,16,0,60,2,0.0333,0.9172
kraftrecipes.com,0.4815,17,0,33,1,0.0303,0.9193
sidearmsports.com,0.4134,18,0,54,3,0.0556,0.7598
lids.com,0.3853,19,0,10,1,0.1,0.6599
mlb.mlb.com,0.3586,20,0,21,1,0.0476,0.6596
austincc.edu,0.0,21,0,7,0,0.0,0.0
fool.com,0.0,22,0,3,0,0.0,0.0
citizen.org,0.0,23,0,10,0,0.0,0.0
fortune.com,0.0,24,0,2,0,0.0,0.0
thehill.com,0.0,25,0,1,0,0.0,0.0
post-gazette.com,0.0,26,0,10,0,0.0,0.0
timeinc.com,0.0,27,0,1,0,0.0,0.0
tgifridays.com,0.0,28,0,16,0,0.0,0.0
walmart.com,0.0,29,0,55,0,0.0,0.0
washingtonian.com,0.0,30,0,10,0,0.0,0.0
buffalowildwings.com,0.0,31,0,6,0,0.0,0.0
kaleidahealth.org,0.0,32,0,42,0,0.0,0.0
archives.gov,0.0,33,0,35,0,0.0,0.0
www.loc.gov,0.0,34,0,10,0,0.0,0.0
coffeereview.com,0.0,35,0,8,0,0.0,0.0
communitycoffee.com,0.0,36,0,1,0,0.0,0.0
cariboucoffee.com,0.0,37,0,8,0,0.0,0.0
playstation.com,0.0,38,0,1,0,0.0,0.0
military.com,0.0,39,0,1,0,0.0,0.0
minecraft.gamepedia.com,0.0,40,0,13,0,0.0,0.0
si.edu,0.0,41,0,8,0,0.0,0.0
lodgemfg.com,0.0,42,0,6,0,0.0,0.0
neworleansonline.com,0.0,43,0,1,0,0.0,0.0
